ひたちなか温泉	ひたちなか温泉	2021-08-12 19.18.29	by	flickr	https://www.flickr.com/photos/196112692@N05/52280368276
ひたちなか温泉	ひたちなか温泉	2021-08-12 19.17.44	by	flickr	https://www.flickr.com/photos/196112692@N05/52279386137
ひたちなか温泉	ひたちなか温泉	2021-08-12 19.18.06	by	flickr	https://www.flickr.com/photos/196112692@N05/52280633554
isohara	磯原温泉	磯原温泉としまや月浜の湯20260725-P1085952	by	wikimedia	https://commons.wikimedia.org/w/index.php?curid=196186318
isohara-onsen	磯原温泉	磯原温泉としまや月浜の湯20260725-P1085952	by	wikimedia	https://commons.wikimedia.org/w/index.php?curid=196186318
gozenyama-onsen	御前山温泉	須走ルートでの富士山を下山後、御殿場駅前からシャトルバスで「御殿場市温泉会館」へ。 地元の人たちにかなり人気の施設らしく、風呂も休憩用広間も混雑していた。 湯船からは大きな窓一杯にドーンと富士山が広がる富士山が。おぉ！ と感動するも、地元の人たちにはありふれた景色なのか、皆背を向けて談笑していた。こりゃ穴場的施設だ。 温泉後、御殿場駅前の商店街の中華屋「五竜菜館」へ。この店が当たりだった。五郎ちゃん（孤独のグルメ）が偶然訪れたら満足度高いエピソードになりそう。 間口は狭いが奥行きがすごく広い。メニューは町	by	flickr	https://www.flickr.com/photos/92203585@N00/14819900317
gozenyama-onsen	御前山温泉	Hamazume Kyotango City Tachibana Elementary School 2019-05 ac	by-sa	wikimedia	https://commons.wikimedia.org/w/index.php?curid=98523071
gozenyama-onsen	御前山温泉	JR Kyushu Bus in front of Takeo-Onsen Station	by-sa	wikimedia	https://commons.wikimedia.org/w/index.php?curid=58872832
城里温泉	城里温泉	万里の長城､東武ワールドスクェアー 鬼怒川温泉	by	flickr	https://www.flickr.com/photos/40046855@N00/32896884887
fukuroda	袋田温泉	池袋－上田(別所温泉)線(西武高原バス) - panoramio	by-sa	wikimedia	https://commons.wikimedia.org/w/index.php?curid=52621457
fukuroda-onsen	袋田温泉	池袋－上田(別所温泉)線(西武高原バス) - panoramio	by-sa	wikimedia	https://commons.wikimedia.org/w/index.php?curid=52621457
daigo	大子温泉	Hakone HDR - 05	by	flickr	https://www.flickr.com/photos/36197880@N03/3510506543
daigo	大子温泉	File:Guanziling 02.jpg	by-sa	wikimedia	https://commons.wikimedia.org/w/index.php?curid=58813222
daigo	大子温泉	ユウの鳴子こけし	by-sa	flickr	https://www.flickr.com/photos/14209309@N00/2133739119
湯の網温泉	湯の網温泉	JR Senmo-Main-Line Kawayu-Onsen Station Platform	by-sa	wikimedia	https://commons.wikimedia.org/w/index.php?curid=68818761
湯の網温泉	湯の網温泉	JR Senmo-Main-Line Kawayu-Onsen Station-name signboard	by-sa	wikimedia	https://commons.wikimedia.org/w/index.php?curid=68818755
湯の網温泉	湯の網温泉	F-net Kumano detection point	by-sa	wikimedia	https://commons.wikimedia.org/w/index.php?curid=79029920
isobe-onsen	磯部温泉	File:磯部温泉 日本最古の温泉記号 - panoramio.jpg	by-sa	wikimedia	https://commons.wikimedia.org/w/index.php?curid=50460628
sarugakyo	猿ヶ京温泉	猿ヶ京温泉入口	by	flickr	https://www.flickr.com/photos/56886057@N00/1215024236
sarugakyo	猿ヶ京温泉	猿ヶ京温泉 旅籠屋丸一 Dec 15, 2012	by	wikimedia	https://commons.wikimedia.org/w/index.php?curid=115874576
sarugakyo-onsen	猿ヶ京温泉	猿ヶ京温泉入口	by	flickr	https://www.flickr.com/photos/56886057@N00/1215024236
sarugakyo-onsen	猿ヶ京温泉	猿ヶ京温泉 旅籠屋丸一 Dec 15, 2012	by	wikimedia	https://commons.wikimedia.org/w/index.php?curid=115874576
shima	四万温泉	The room of San-so on corner	by-sa	flickr	https://www.flickr.com/photos/12063590@N06/2537655479
shima	四万温泉	The bathhouse	by-sa	flickr	https://www.flickr.com/photos/12063590@N06/2537653201
shima	四万温泉	Corner of the bathhouse	by-sa	flickr	https://www.flickr.com/photos/12063590@N06/2538472650
小野上温泉	小野上温泉	Sachinoyu-Shibukawa-Gunma	by-sa	wikimedia	https://commons.wikimedia.org/w/index.php?curid=22801515
shiriyaki	尻焼温泉	尻焼温泉 川原湯（混浴露天風呂）	by	flickr	https://www.flickr.com/photos/50902562@N00/2917707155
shiriyaki	尻焼温泉	尻焼温泉 川原湯（混浴露天風呂）	by	flickr	https://www.flickr.com/photos/50902562@N00/2918556780
shiriyaki	尻焼温泉	尻焼温泉 川原湯（混浴露天風呂）	by	flickr	https://www.flickr.com/photos/50902562@N00/2918556968
minakami	水上温泉	冨士原清一（1940年頃）	by-sa	wikimedia	https://commons.wikimedia.org/w/index.php?curid=81612919
kawarayu-onsen	川原湯温泉	Kawarayuonsen Ouyu	by-sa	wikimedia	https://commons.wikimedia.org/w/index.php?curid=129025766
kawarayu-onsen	川原湯温泉	Kawarayuonsen Station Bldg	by-sa	wikimedia	https://commons.wikimedia.org/w/index.php?curid=127737816
kawarayu-onsen	川原湯温泉	Kawarayuonsen New Spring Source	by-sa	wikimedia	https://commons.wikimedia.org/w/index.php?curid=129025785
川古温泉	川古温泉	Ko-Soyu ac (1)	by-sa	wikimedia	https://commons.wikimedia.org/w/index.php?curid=135644380
川古温泉	川古温泉	Ko-Soyu ac (4)	by-sa	wikimedia	https://commons.wikimedia.org/w/index.php?curid=135644402
川古温泉	川古温泉	Kumano Kodo pilgrimage route Kawa-yu Onsen World heritage 熊野古道 川湯温泉134	by-sa	wikimedia	https://commons.wikimedia.org/w/index.php?curid=36374910
倉渕温泉	倉渕温泉	File:倉渕 相間川温泉「ふれあい館」 - panoramio.jpg	by-sa	wikimedia	https://commons.wikimedia.org/w/index.php?curid=49994998
沢渡温泉	沢渡温泉	Nakanojo-Sta-Board	by-sa	wikimedia	https://commons.wikimedia.org/w/index.php?curid=44863105
tanigawa-onsen	谷川温泉	養老渓谷温泉「川の家」P1010109漫画家のつげ義春が宿泊	by-sa	wikimedia	https://commons.wikimedia.org/w/index.php?curid=3689592
tanigawa-onsen	谷川温泉	Yuya-Onsen-1	cc0	wikimedia	https://commons.wikimedia.org/w/index.php?curid=110935675
yunokoya	湯の小屋温泉	Spa Yamadaya, Otari, Nagano Prefecture	by-sa	wikimedia	https://commons.wikimedia.org/w/index.php?curid=22854197
yunokoya	湯の小屋温泉	MyobanOnsenYunohanagoya	by-sa	wikimedia	https://commons.wikimedia.org/w/index.php?curid=128879809
yunokoya	湯の小屋温泉	F-net Kumano detection point	by-sa	wikimedia	https://commons.wikimedia.org/w/index.php?curid=79029920
takaragawa-onsen	宝川温泉	Hōenzan Zentsū-ji Temple 20210502 06	cc0	wikimedia	https://commons.wikimedia.org/w/index.php?curid=106052152
hoshi	法師温泉	Houshi Onsen Chojukan	by	flickr	https://www.flickr.com/photos/13132576@N00/6573705479
hoshi	法師温泉	Houshi Onsen Chojukan	by	flickr	https://www.flickr.com/photos/13132576@N00/6573703681
hoshi	法師温泉	Houshi Onsen Chojukan	by	flickr	https://www.flickr.com/photos/13132576@N00/6573703307
manza	万座温泉	Ushi-Ike	by-sa	wikimedia	https://commons.wikimedia.org/w/index.php?curid=95483835
oigami	老神温泉	Oigami-Onsen Autumn	by-sa	wikimedia	https://commons.wikimedia.org/w/index.php?curid=19247207
oigami	老神温泉	Gyoza no Manshu Tomeikan 01	cc0	wikimedia	https://commons.wikimedia.org/w/index.php?curid=89124399
oigami	老神温泉	Oigami Onsen Bikkuri Hinakazari, 2026 04	cc0	wikimedia	https://commons.wikimedia.org/w/index.php?curid=187528870
ときがわ温泉	ときがわ温泉	玉川温泉 埼玉県ときがわ町 (31018935284)	by	wikimedia	https://commons.wikimedia.org/w/index.php?curid=89214482
minano-onsen	皆野温泉	秩父温泉 満願の湯 埼玉県秩父郡皆野町 Oct 15, 2005	by	wikimedia	https://commons.wikimedia.org/w/index.php?curid=117840694
kuroyama-onsen	黒山温泉	溫泉	by-sa	flickr	https://www.flickr.com/photos/87807876@N00/24352326990
kuroyama-onsen	黒山温泉	Kurobe-Unazukionsen station west entrance	by-sa	wikimedia	https://commons.wikimedia.org/w/index.php?curid=39065394
kuroyama-onsen	黒山温泉	晚餐 宴席料理	by-sa	flickr	https://www.flickr.com/photos/87807876@N00/25300219514
shibahara	柴原温泉	養老渓谷駅P1010094	by-sa	wikimedia	https://commons.wikimedia.org/w/index.php?curid=4222666
神川温泉	神川温泉	Hakone yumoto onsen 2	by-sa	wikimedia	https://commons.wikimedia.org/w/index.php?curid=58130210
神川温泉	神川温泉	Fujiki river - Yugawara onsen	by-sa	wikimedia	https://commons.wikimedia.org/w/index.php?curid=53731207
otaki-chichibu	大滝温泉	File:Matsunoyama Onsen 20080302.jpg	by-sa	wikimedia	https://commons.wikimedia.org/w/index.php?curid=66166429
otaki-chichibu	大滝温泉	20210501東大滝橋01	by-sa	wikimedia	https://commons.wikimedia.org/w/index.php?curid=104958174
otaki-chichibu	大滝温泉	道の駅大滝温泉	by-sa	wikimedia	https://commons.wikimedia.org/w/index.php?curid=96015269
chichibu	秩父温泉	Seibu-Chichibu Ekimae Onsen ac (1)	by-sa	wikimedia	https://commons.wikimedia.org/w/index.php?curid=130287327
chichibu	秩父温泉	Seibu-Chichibu Ekimae Onsen ac (4)	by-sa	wikimedia	https://commons.wikimedia.org/w/index.php?curid=130287337
chichibu	秩父温泉	秩父温泉 満願の湯 埼玉県秩父郡皆野町 Oct 15, 2005	by	wikimedia	https://commons.wikimedia.org/w/index.php?curid=117840694
ryokami	両神温泉	Yakushi no yu	by-sa	wikimedia	https://commons.wikimedia.org/w/index.php?curid=45849907
ryokami	両神温泉	道の駅両神温泉薬師の湯	by-sa	wikimedia	https://commons.wikimedia.org/w/index.php?curid=3016551
okuyugawara	奥湯河原温泉	Misasa onsen kawaranoyu 202106	by-sa	wikimedia	https://commons.wikimedia.org/w/index.php?curid=112366415
7沢温泉	七沢温泉	Seirakuen in Nanasawa onsen	by-sa	wikimedia	https://commons.wikimedia.org/w/index.php?curid=34789107
7沢温泉	七沢温泉	Nanasawaso in Nanasawa onsen	by-sa	wikimedia	https://commons.wikimedia.org/w/index.php?curid=33579033
7沢温泉	七沢温泉	Koutakuji (Temple, Atsugi) - 01	by-sa	wikimedia	https://commons.wikimedia.org/w/index.php?curid=34789106
hakone-sengokuhara	仙石原温泉	File:Tempua udon set by cathykid in Hakone.jpg	by	wikimedia	https://commons.wikimedia.org/w/index.php?curid=1893687
nakagawa	中川温泉	Nakagawa Onsen	by-sa	wikimedia	https://commons.wikimedia.org/w/index.php?curid=25892447
nakagawa	中川温泉	Nakagawa Onsen,Bunanoyu	by-sa	wikimedia	https://commons.wikimedia.org/w/index.php?curid=25892452
tsurumaki	鶴巻温泉	OH-37 station number	by-sa	wikimedia	https://commons.wikimedia.org/w/index.php?curid=55303782
tsurumaki	鶴巻温泉	Tsurumakionsen-Sta-N-2019	by-sa	wikimedia	https://commons.wikimedia.org/w/index.php?curid=79915259
tsurumaki	鶴巻温泉	Tsurumaki-onsen-station-platform-2019	by-sa	wikimedia	https://commons.wikimedia.org/w/index.php?curid=79916155
yugawara	湯河原温泉	Fujiki river - Yugawara onsen	by-sa	wikimedia	https://commons.wikimedia.org/w/index.php?curid=53731207
yugawara	湯河原温泉	Fujiki river - Yugawara onsen 02	by-sa	wikimedia	https://commons.wikimedia.org/w/index.php?curid=62073405
yugawara	湯河原温泉	Kogome-no-yu Yugawara	by-sa	wikimedia	https://commons.wikimedia.org/w/index.php?curid=22801096
hakone-motohakone	箱根芦之湯温泉	Ashinoyu onsen - Hakone	by-sa	wikimedia	https://commons.wikimedia.org/w/index.php?curid=53733602
tateyama	たてやま温泉郷	IMG_4690	by	flickr	https://www.flickr.com/photos/196112692@N05/52269235595
tateyama	たてやま温泉郷	IMG_4667	by	flickr	https://www.flickr.com/photos/196112692@N05/52268765253
kamogawa	鴨川温泉	Tanjo-ji Ashiyu	by-sa	wikimedia	https://commons.wikimedia.org/w/index.php?curid=83023267
iwaionsen	岩井温泉	IwatekenKotsu P-LV217H No.200-236	by-sa	wikimedia	https://commons.wikimedia.org/w/index.php?curid=3360901
iwaionsen	岩井温泉	Himi iwaido motoyu	by	wikimedia	https://commons.wikimedia.org/w/index.php?curid=140422147
iwaionsen	岩井温泉	Shio-no-ka tei	by	wikimedia	https://commons.wikimedia.org/w/index.php?curid=140422146
iwai-onsen	岩井温泉	IwatekenKotsu P-LV217H No.200-236	by-sa	wikimedia	https://commons.wikimedia.org/w/index.php?curid=3360901
iwai-onsen	岩井温泉	Himi iwaido motoyu	by	wikimedia	https://commons.wikimedia.org/w/index.php?curid=140422147
iwai-onsen	岩井温泉	Shio-no-ka tei	by	wikimedia	https://commons.wikimedia.org/w/index.php?curid=140422146
kameyama	亀山温泉	Igumi6825	by	wikimedia	https://commons.wikimedia.org/w/index.php?curid=895759
kameyama	亀山温泉	島根県 奥出雲 亀嵩温泉 玉峰山荘	by	flickr	https://www.flickr.com/photos/8761780@N08/3242720527
kameyama	亀山温泉	島根県 奥出雲 亀嵩温泉 玉峰山荘	by	flickr	https://www.flickr.com/photos/8761780@N08/3242586601
亀山温泉郷	亀山温泉郷	Plaza Hotel Sanrokusou	by-sa	wikimedia	https://commons.wikimedia.org/w/index.php?curid=124786530
9109里温泉	九十九里温泉	游船上拍桐溪湖心岛	by	wikimedia	https://commons.wikimedia.org/w/index.php?curid=47232937
9109里温泉	九十九里温泉	螺髻山九十九里温泉瀑布 (Las Cascadas Termales Jiushijiuli)	by-sa	wikimedia	https://commons.wikimedia.org/w/index.php?curid=178330165
inubosaki-onsen	犬吠埼温泉	Gyokeikan	by-sa	wikimedia	https://commons.wikimedia.org/w/index.php?curid=83523925
御宿温泉	御宿温泉	Kotohira Ryokan Shikishimakan 2021-08 ac (1)	by-sa	wikimedia	https://commons.wikimedia.org/w/index.php?curid=108865754
御宿温泉	御宿温泉	Hotel Nono Toyama	by-sa	wikimedia	https://commons.wikimedia.org/w/index.php?curid=51289767
御宿温泉	御宿温泉	御宿かわせみ 露天風呂写真	by-sa	wikimedia	https://commons.wikimedia.org/w/index.php?curid=74611969
katsuura	勝浦温泉	100_2467	cc0	flickr	https://www.flickr.com/photos/137596559@N07/49902154283
katsuura	勝浦温泉	勝浦温泉「越之湯」 - panoramio	by	wikimedia	https://commons.wikimedia.org/w/index.php?curid=54428697
kominato	小湊温泉	養老渓谷駅P1010094	by-sa	wikimedia	https://commons.wikimedia.org/w/index.php?curid=4222666
chikura	千倉温泉	Togura Kamiyamada Onsen	by-sa	wikimedia	https://commons.wikimedia.org/w/index.php?curid=44385171
chikura-onsen	千倉温泉	Togura Kamiyamada Onsen	by-sa	wikimedia	https://commons.wikimedia.org/w/index.php?curid=44385171
長生温泉	長生温泉	Katakura-kan (old hot spring facilities) Nagano,JAPAN	by-sa	wikimedia	https://commons.wikimedia.org/w/index.php?curid=123218658
長生温泉	長生温泉	長湯温泉 長生湯	by-sa	wikimedia	https://commons.wikimedia.org/w/index.php?curid=134724357
長生温泉	長生温泉	北海道道573号桜野野田生停車場線・国道5号交点（2枚合成、上・国道5号起点（函館）側、下・同道終点（札幌・長万部）側）・2018年7月当時の「方面及び方向（108の2-A）」標識	by-sa	wikimedia	https://commons.wikimedia.org/w/index.php?curid=74478302
shirako	白子温泉	白玉っ子 @ Kurokawa Onsen	by-sa	flickr	https://www.flickr.com/photos/84056180@N00/4115138994
shirako	白子温泉	白玉っ子 @ Kurokawa Onsen	by-sa	flickr	https://www.flickr.com/photos/84056180@N00/4115138056
shirako	白子温泉	ピッツェリア・リアナのパスタ	by-sa	flickr	https://www.flickr.com/photos/61721552@N00/2151710230
shirasato-onsen	白子温泉	白玉っ子 @ Kurokawa Onsen	by-sa	flickr	https://www.flickr.com/photos/84056180@N00/4115138994
shirasato-onsen	白子温泉	白玉っ子 @ Kurokawa Onsen	by-sa	flickr	https://www.flickr.com/photos/84056180@N00/4115138056
shirasato-onsen	白子温泉	ピッツェリア・リアナのパスタ	by-sa	flickr	https://www.flickr.com/photos/61721552@N00/2151710230
shirahama	白浜温泉	崎の湯	by-sa	wikimedia	https://commons.wikimedia.org/w/index.php?curid=2563217
shirahama	白浜温泉	Sakurajima Shirahama Hot spa center	by	wikimedia	https://commons.wikimedia.org/w/index.php?curid=20747631
shirahama	白浜温泉	砿湯温泉 南紀白浜 Nov 29, 2014	by	wikimedia	https://commons.wikimedia.org/w/index.php?curid=131708117
松乃温泉	松乃温泉	木部谷温泉 松乃湯	by	flickr	https://www.flickr.com/photos/39975399@N00/6314389590
松乃温泉	松乃温泉	Minakami hotsprong Matunoi	by-sa	wikimedia	https://commons.wikimedia.org/w/index.php?curid=22801213
数馬温泉	数馬温泉	檜原温泉センター 数馬の湯(三頭山トレッキング) Mitosan Trekking	by	flickr	https://www.flickr.com/photos/92203585@N00/3054265525
数馬温泉	数馬温泉	Kazumano-Yu	by-sa	wikimedia	https://commons.wikimedia.org/w/index.php?curid=127375310
数馬温泉	数馬温泉	Hinohara Onsen Center 檜原温泉センター 数馬の湯(三頭山トレッキング)	by	flickr	https://www.flickr.com/photos/92203585@N00/3054244567
oshima	大島温泉郷	Hongo-saboudam	by-sa	wikimedia	https://commons.wikimedia.org/w/index.php?curid=67879072
oshima	大島温泉郷	Hongo-onsen-hotels02	by-sa	wikimedia	https://commons.wikimedia.org/w/index.php?curid=67879085
oshima	大島温泉郷	Otani-river	by-sa	wikimedia	https://commons.wikimedia.org/w/index.php?curid=67879086
heiwajima-onsen	天然温泉平和島	Heiwajima-Tokyo---2025-06-15 058	cc0	wikimedia	https://commons.wikimedia.org/w/index.php?curid=169330506
heiwajima-onsen	天然温泉平和島	Heiwajima-Tokyo---2025-06-15 056	by	wikimedia	https://commons.wikimedia.org/w/index.php?curid=169330505
heiwajima-onsen	天然温泉平和島	Heiwajima-Tokyo---2025-06-15 057	by	wikimedia	https://commons.wikimedia.org/w/index.php?curid=169330504
kodai-no-yu	東京天然温泉 古代の湯	東京天然温泉 古代の湯	by-sa	flickr	https://www.flickr.com/photos/29240874@N06/41881212690
kodai-no-yu	東京天然温泉 古代の湯	東京天然温泉 古代の湯	by-sa	flickr	https://www.flickr.com/photos/29240874@N06/43642609602
kodai-no-yu	東京天然温泉 古代の湯	東京天然温泉 古代の湯	by-sa	flickr	https://www.flickr.com/photos/29240874@N06/41881211660
kazuma	檜原温泉	檜原温泉センター 数馬の湯(三頭山トレッキング) Mitosan Trekking	by	flickr	https://www.flickr.com/photos/92203585@N00/3054265525
kazuma	檜原温泉	Hinohara Onsen Center 檜原温泉センター 数馬の湯(三頭山トレッキング)	by	flickr	https://www.flickr.com/photos/92203585@N00/3054244567
kazuma	檜原温泉	檜原温泉センター 数馬の湯(三頭山トレッキング) Mitosan Trekking	by	flickr	https://www.flickr.com/photos/92203585@N00/3055079458
hinohara-onsen	檜原温泉	檜原温泉センター 数馬の湯(三頭山トレッキング) Mitosan Trekking	by	flickr	https://www.flickr.com/photos/92203585@N00/3054265525
hinohara-onsen	檜原温泉	Hinohara Onsen Center 檜原温泉センター 数馬の湯(三頭山トレッキング)	by	flickr	https://www.flickr.com/photos/92203585@N00/3054244567
hinohara-onsen	檜原温泉	檜原温泉センター 数馬の湯(三頭山トレッキング) Mitosan Trekking	by	flickr	https://www.flickr.com/photos/92203585@N00/3055079458
shiobara	塩原温泉郷	Shiobara Monogatari-kan	cc0	wikimedia	https://commons.wikimedia.org/w/index.php?curid=117259177
shiobara	塩原温泉郷	Yuppo no sato, Ashiyu	cc0	wikimedia	https://commons.wikimedia.org/w/index.php?curid=116724990
shiobara	塩原温泉郷	Yuppo no sato	cc0	wikimedia	https://commons.wikimedia.org/w/index.php?curid=116724993
kawaji-onsen	川治温泉	Kawaji Hotsprings	by	flickr	https://www.flickr.com/photos/93775337@N00/53728337916
kawamata-onsen	川俣温泉	川俣温泉の間欠泉	by-sa	flickr	https://www.flickr.com/photos/68541312@N00/272277480
kawamata-onsen	川俣温泉	間欠泉（川俣温泉）	by-sa	flickr	https://www.flickr.com/photos/22598122@N03/2425353958
kawamata-onsen	川俣温泉	間欠泉のとこに足湯がありました（川俣温泉）	by-sa	flickr	https://www.flickr.com/photos/22598122@N03/2425353774
大田原温泉	大田原温泉	養老渓谷駅P1010094	by-sa	wikimedia	https://commons.wikimedia.org/w/index.php?curid=4222666
大田原温泉	大田原温泉	Tokugawa Ieyasu; Ii Naomasa; Honda Tadakatsu; Todo Takatora hata-jirushi	by-sa	wikimedia	https://commons.wikimedia.org/w/index.php?curid=109133722
大田原温泉	大田原温泉	Shimazu Yoshihiro; Ishida Mitsunari; Ukita Hideie; Otani Yoshitsugu hata-Jirushi	by-sa	wikimedia	https://commons.wikimedia.org/w/index.php?curid=109133721
中禅寺温泉	中禅寺温泉	中禅寺温泉バスターミナル - panoramio (1)	by	wikimedia	https://commons.wikimedia.org/w/index.php?curid=53775223
中禅寺温泉	中禅寺温泉	中禅寺温泉バスターミナル - panoramio (2)	by	wikimedia	https://commons.wikimedia.org/w/index.php?curid=54659375
中禅寺温泉	中禅寺温泉	IMG 東武バス日光	by-sa	wikimedia	https://commons.wikimedia.org/w/index.php?curid=97465216
yunishigawa	湯西川温泉	湯西川温泉かまくら祭	by-sa	wikimedia	https://commons.wikimedia.org/w/index.php?curid=85840658
yunishigawa	湯西川温泉	Yunishigawa-Onsen Station - platform - March 2014	by-sa	wikimedia	https://commons.wikimedia.org/w/index.php?curid=32032500
yunishigawa	湯西川温泉	樹間から湯西川温泉駅に入る列車	by-sa	wikimedia	https://commons.wikimedia.org/w/index.php?curid=85839553
nikko-onsen	日光温泉	Kinugawa Onsen Tochigi prefecture Wikivoyage banner	by-sa	wikimedia	https://commons.wikimedia.org/w/index.php?curid=55350293
nikko-onsen	日光温泉	ふれあい橋（栃木県日光市鬼怒川温泉滝）20250719-P1070945	by	wikimedia	https://commons.wikimedia.org/w/index.php?curid=170362281
nikko-onsen	日光温泉	Japanese national route 121 and 352 at 29 Kinugawa-onsen-ohara Nikko city Tochigi prefecture 20210804 144009	by-sa	wikimedia	https://commons.wikimedia.org/w/index.php?curid=109608731
矢板温泉	矢板温泉	Welcome to Travertine Hot Springs, Bridgeport	by	flickr	https://www.flickr.com/photos/50902562@N00/8145376117
矢板温泉	矢板温泉	20100322矢板温泉城の湯	by-sa	wikimedia	https://commons.wikimedia.org/w/index.php?curid=93283749
